{
    "name": "Kux-BlueprintExtensions",
    "version": "2.2.4",
    "title": "Blueprint Extensions (Kux Edition)",
    "author": "kuxynator",
    "factorio_version": "1.1",
    "dependencies": [
		"base",
		"Kux-CoreLib >= 2.6.0",
		"? fluid_permutations",
		"? GDIW",
		"? GDIW-updated",
		"? underground-pipe-pack",
		"? FluidMustFlow",
		"(?) nullius",
		"! BlueprintExtensions"
	],
    "description": "Adds tools for updating and placing blueprints.\nRepublish of BlueprintExtensions with fixes."
}
